{"cameraMode":{"drawMode":0,"name":"Shaded","section":"Shading Mode"},"sceneLighting":true,"audioPlay":false,"sceneViewState":{"showFog":true,"showMaterialUpdate":true,"showSkybox":true,"showFlares":true,"showImageEffects":true,"showParticleSystems":true},"in2DMode":false,"pivot":{"x":0.33055925369262698,"y":0.6343812942504883,"z":0.05941610038280487},"rotation":{"x":0.026371566578745843,"y":0.8086996674537659,"z":-0.03683248907327652,"w":0.5866615772247315},"size":1.0031371116638184,"orthographic":false}