{"cameraMode":{"drawMode":0,"name":"Shaded","section":"Shading Mode"},"sceneLighting":true,"audioPlay":false,"sceneViewState":{"m_AlwaysRefresh":true,"showFog":true,"showSkybox":true,"showFlares":true,"showImageEffects":true,"showParticleSystems":true,"showVisualEffectGraphs":true,"m_FxEnabled":true},"in2DMode":false,"pivot":{"x":0.33081912994384768,"y":0.6807025074958801,"z":-1.2714378833770753},"rotation":{"x":0.24041135609149934,"y":0.4778043031692505,"z":-0.13783739507198335,"w":0.8335593342781067},"size":1.1478207111358643,"orthographic":false}