{"cameraMode":{"drawMode":0,"name":"Shaded","section":"Shading Mode"},"sceneLighting":true,"audioPlay":false,"sceneViewState":{"m_AlwaysRefresh":true,"showFog":true,"showSkybox":true,"showFlares":true,"showImageEffects":true,"showParticleSystems":true,"showVisualEffectGraphs":true,"m_FxEnabled":true},"in2DMode":false,"pivot":{"x":0.3437536358833313,"y":0.7697738409042358,"z":-0.9234586954116821},"rotation":{"x":0.15012747049331666,"y":0.38676494359970095,"z":-0.06357268244028092,"w":0.9073346853256226},"size":0.44305548071861269,"orthographic":false}