{"cameraMode":{"drawMode":0,"name":"Shaded","section":"Shading Mode"},"sceneLighting":true,"audioPlay":false,"sceneViewState":{"m_AlwaysRefresh":true,"showFog":true,"showSkybox":true,"showFlares":true,"showImageEffects":true,"showParticleSystems":true,"showVisualEffectGraphs":true,"m_FxEnabled":true},"in2DMode":false,"pivot":{"x":2.2281527519226076,"y":0.07999998331069946,"z":-0.06700001657009125},"rotation":{"x":0.25887149572372439,"y":0.42258310317993166,"z":-0.12766584753990174,"w":0.8591187596321106},"size":1.1660254001617432,"orthographic":false}