{"cameraMode":{"drawMode":0,"name":"Shaded","section":"Shading Mode"},"sceneLighting":true,"audioPlay":false,"sceneViewState":{"m_AlwaysRefresh":true,"showFog":true,"showSkybox":true,"showFlares":true,"showImageEffects":true,"showParticleSystems":true,"showVisualEffectGraphs":true,"m_FxEnabled":true},"in2DMode":false,"pivot":{"x":0.20487791299819947,"y":0.890895426273346,"z":-3.6690990924835207},"rotation":{"x":0.18373094499111176,"y":0.7774417996406555,"z":-0.2654397487640381,"w":0.5392483472824097},"size":0.9029982089996338,"orthographic":false}