{"cameraMode":{"drawMode":0,"name":"Shaded","section":"Shading Mode"},"sceneLighting":true,"audioPlay":false,"sceneViewState":{"m_AlwaysRefresh":true,"showFog":true,"showSkybox":true,"showFlares":true,"showImageEffects":true,"showParticleSystems":true,"showVisualEffectGraphs":true,"m_FxEnabled":true},"in2DMode":false,"pivot":{"x":-0.14029616117477418,"y":0.48504090309143069,"z":-0.22919145226478578},"rotation":{"x":0.1405777931213379,"y":0.7378873229026794,"z":-0.1621595323085785,"w":0.6397793889045715},"size":0.7182871103286743,"orthographic":false}